City,PM2.5,PM10,NO2,O3,PM25,Temperature,Humidity,Wind,Rain
Ahmedabad,16.9,41.3,2.7,106.0,,,,,
Ahmedabad,16.9,41.3,2.7,106.0,,,,,
Ahmedabad,,41.3,2.7,106.0,16.9,,,,
Ahmedabad,,41.3,2.7,106.0,16.9,,,,
Ahmedabad,,41.3,2.7,106.0,16.9,,,,
Ahmedabad,,41.3,2.7,106.0,16.9,,,,
Ahmedabad,,41.3,2.7,106.0,16.9,,,,
Ahmedabad,,41.3,2.7,106.0,16.9,,,,
Ahmedabad,,41.3,2.7,106.0,16.9,,,,
Ahmedabad,,41.3,2.7,106.0,16.9,,,,
Ahmedabad,,41.3,2.7,106.0,16.9,,,,
Ahmedabad,,41.3,2.7,106.0,16.9,,,,
Ahmedabad,,41.3,2.7,106.0,16.9,,,,
Ahmedabad,,41.3,2.7,106.0,16.9,,,,
Ahmedabad,,41.3,2.7,106.0,16.9,,,,
Ahmedabad,,41.3,2.7,106.0,16.9,,,,
Ahmedabad,,,,,,34.9,50.0,10.4,0.0
Ahmedabad,16.9,41.3,2.7,106.0,,34.9,50.0,10.4,0.0
Ahmedabad,19.4,50.4,5.5,102.0,,35.3,48.0,10.4,0.0
Ahmedabad,19.4,50.4,5.5,102.0,,35.3,48.0,10.4,0.0
Ahmedabad,19.4,50.4,5.5,102.0,,35.3,48.0,10.4,0.0
Ahmedabad,19.4,50.4,5.5,102.0,,35.3,48.0,10.4,0.0
Ahmedabad,19.4,50.4,5.5,102.0,,35.3,48.0,10.4,0.0
Ahmedabad,19.4,50.4,5.5,102.0,,35.3,48.0,10.4,0.0
Ahmedabad,19.4,50.4,5.5,102.0,,35.3,48.0,10.4,0.0
Ahmedabad,19.4,50.4,5.5,102.0,,35.3,48.0,10.4,0.0
Ahmedabad,19.4,50.4,5.5,102.0,,35.3,48.0,10.4,0.0
Ahmedabad,19.4,50.4,5.5,102.0,,35.3,48.0,10.4,0.0
RAJKOT,15.7,29.2,1.6,113.0,,33.6,50.0,11.4,0.0
RAJKOT,15.7,29.2,1.6,113.0,,33.6,50.0,11.4,0.0
RAJKOT,15.7,29.2,1.6,113.0,,33.6,50.0,11.4,0.0
RAJKOT,15.7,29.2,1.6,113.0,,33.6,50.0,11.4,0.0
RAJKOT,15.7,29.2,1.6,113.0,,33.6,50.0,11.4,0.0
RAJKOT,18.5,32.1,14.2,52.8,,29.4,61.0,11.3,0.0
RAJKOT,15.7,29.2,1.6,113.0,,33.6,50.0,11.4,0.0
RAJKOT,15.7,29.2,1.6,113.0,,33.6,50.0,11.4,0.0
RAJKOT,18.5,32.1,14.2,52.8,,29.4,61.0,11.3,0.0
RAJKOT,15.7,29.2,1.6,113.0,,33.6,50.0,11.4,0.0
RAJKOT,18.5,32.1,14.2,52.8,,29.4,61.0,11.3,0.0
RAJKOT,18.5,32.1,14.2,52.8,,29.4,61.0,11.3,0.0
Ahmedabad,19.4,50.4,5.5,102.0,,35.4,48.0,10.3,0.0
Ahmedabad,19.4,50.4,5.5,102.0,,35.4,48.0,10.3,0.0
Ahmedabad,13.7,26.4,3.5,92.0,,35.4,48.0,10.3,0.0
Ahmedabad,13.7,26.4,3.5,92.0,,35.4,48.0,10.3,0.0
Ahmedabad,13.7,26.4,3.5,92.0,,35.4,48.0,10.3,0.0
Ahmedabad,13.7,26.4,3.5,92.0,,35.4,48.0,10.3,0.0
Ahmedabad,13.7,26.4,3.5,92.0,,35.4,48.0,10.3,0.0
Ahmedabad,13.7,26.4,3.5,92.0,,35.4,48.0,10.3,0.0
Ahmedabad,13.7,26.4,3.5,92.0,,35.4,48.0,10.3,0.0
Ahmedabad,13.7,26.4,3.5,92.0,,35.4,48.0,10.3,0.0
Ahmedabad,13.7,26.4,3.5,92.0,,35.4,48.0,10.3,0.0
Ahmedabad,13.7,26.4,3.5,92.0,,35.4,48.0,10.3,0.0
Ahmedabad,13.7,26.4,3.5,92.0,,35.4,48.0,10.3,0.0
Ahmedabad,13.7,26.4,3.5,92.0,,35.4,48.0,10.3,0.0
Ahmedabad,13.7,26.4,3.5,92.0,,35.4,48.0,10.3,0.0
Ahmedabad,13.7,26.4,3.5,92.0,,35.4,48.0,10.3,0.0
Ahmedabad,13.7,26.4,3.5,92.0,,35.4,48.0,10.3,0.0
Ahmedabad,13.7,26.4,3.5,92.0,,35.4,47.0,10.5,0.0
Ahmedabad,13.7,26.4,3.5,92.0,,35.4,47.0,10.5,0.0
Ahmedabad,13.7,26.4,3.5,92.0,,35.4,47.0,10.5,0.0
Ahmedabad,13.7,26.4,3.5,92.0,,35.4,47.0,10.5,0.0
Ahmedabad,13.7,26.4,3.5,92.0,,35.4,47.0,10.5,0.0
Ahmedabad,13.7,26.4,3.5,92.0,,35.4,47.0,10.5,0.0
Ahmedabad,13.7,26.4,3.5,92.0,,35.4,47.0,10.5,0.0
Ahmedabad,18.5,32.1,14.2,52.8,,29.4,61.0,11.3,0.0
Ahmedabad,13.7,26.4,3.5,92.0,,35.4,47.0,10.5,0.0
Ahmedabad,13.7,26.4,3.5,92.0,,35.4,46.0,10.4,0.0
Ahmedabad,13.7,26.4,3.5,92.0,,35.4,46.0,10.4,0.0
Ahmedabad,14.5,29.5,5.7,86.0,,35.3,46.0,10.3,0.0
Ahmedabad,14.5,29.5,5.7,86.0,,35.3,46.0,10.3,0.0
Ahmedabad,14.5,29.5,5.7,86.0,,35.3,46.0,10.3,0.0
Ahmedabad,14.5,29.5,5.7,86.0,,35.3,46.0,10.3,0.0
Ahmedabad,14.5,29.5,5.7,86.0,,35.3,46.0,10.3,0.0
Ahmedabad,14.5,29.5,5.7,86.0,,35.3,46.0,10.3,0.0
Ahmedabad,14.5,29.5,5.7,86.0,,35.3,46.0,10.3,0.0
Ahmedabad,14.5,29.5,5.7,86.0,,35.3,46.0,10.3,0.0
Ahmedabad,14.5,29.5,5.7,86.0,,35.3,46.0,10.3,0.0
Ahmedabad,14.5,29.5,5.7,86.0,,35.3,46.0,10.3,0.0
Ahmedabad,14.5,29.5,5.7,86.0,,35.3,46.0,10.3,0.0
Ahmedabad,14.5,29.5,5.7,86.0,,35.3,46.0,10.3,0.0
Ahmedabad,18.5,32.1,14.2,52.8,,29.4,61.0,11.3,0.0
Ahmedabad,18.5,32.1,14.2,52.8,,29.4,61.0,11.3,0.0
Ahmedabad,15.8,28.9,10.9,77.0,,32.9,55.0,5.6,0.0
Ahmedabad,15.8,28.9,10.9,77.0,,32.9,55.0,5.6,0.0
Ahmedabad,15.8,28.9,10.9,77.0,,33.0,55.0,3.5,0.0
Ahmedabad,15.8,28.9,10.9,77.0,,33.0,55.0,3.5,0.0
Ahmedabad,15.8,28.9,10.9,77.0,,33.0,55.0,3.5,0.0
Ahmedabad,15.8,28.9,10.9,77.0,,33.0,55.0,3.5,0.0
Ahmedabad,18.5,32.1,14.2,52.8,,29.4,61.0,11.3,0.0
Ahmedabad,15.8,28.9,10.9,77.0,,33.0,55.0,3.5,0.0
Ahmedabad,15.8,28.9,10.9,77.0,,33.0,55.0,3.5,0.0
Ahmedabad,19.0,31.8,22.5,60.0,,32.9,55.0,2.2,0.0
Ahmedabad,19.0,31.8,22.5,60.0,,32.9,55.0,2.2,0.0
Ahmedabad,19.0,31.8,22.5,60.0,,32.9,55.0,2.2,0.0
Ahmedabad,19.0,31.8,22.5,60.0,,32.9,55.0,2.2,0.0
Ahmedabad,19.0,31.8,22.5,60.0,,32.9,55.0,2.2,0.0
Ahmedabad,19.0,31.8,22.5,60.0,,32.9,55.0,2.2,0.0
Ahmedabad,19.0,31.8,22.5,60.0,,32.9,55.0,2.2,0.0
Ahmedabad,19.0,31.8,22.5,60.0,,32.9,55.0,2.2,0.0
Ahmedabad,19.0,31.8,22.5,60.0,,32.9,55.0,2.2,0.0
Ahmedabad,19.0,31.8,22.5,60.0,,32.9,55.0,2.2,0.0
Ahmedabad,18.5,32.1,14.2,52.8,,29.4,61.0,11.3,0.0
Ahmedabad,18.5,32.1,14.2,52.8,,29.4,61.0,11.3,0.0
Ahmedabad,19.0,31.8,22.5,60.0,,32.9,55.0,2.2,0.0
Ahmedabad,19.0,31.8,22.5,60.0,,32.9,55.0,2.2,0.0
Ahmedabad,19.0,31.8,22.5,60.0,,32.9,55.0,2.2,0.0
Ahmedabad,19.0,31.8,22.5,60.0,,32.9,55.0,2.2,0.0
Ahmedabad,18.5,32.1,14.2,52.8,,29.4,61.0,11.3,0.0
Ahmedabad,19.0,31.8,22.5,60.0,,32.9,55.0,2.2,0.0
Ahmedabad,19.0,31.8,22.5,60.0,,32.9,55.0,2.2,0.0
Ahmedabad,19.0,31.8,22.5,60.0,,32.9,55.0,2.2,0.0
Ahmedabad,18.5,32.1,14.2,52.8,,29.4,61.0,11.3,0.0
Ahmedabad,19.0,31.8,22.5,60.0,,32.9,55.0,2.2,0.0
Ahmedabad,18.5,32.1,14.2,52.8,,29.4,61.0,11.3,0.0
Ahmedabad,19.0,31.8,22.5,60.0,,32.9,55.0,2.2,0.0
Ahmedabad,19.0,31.8,22.5,60.0,,32.9,55.0,2.2,0.0
Ahmedabad,19.0,31.8,22.5,60.0,,32.9,55.0,2.2,0.0
Ahmedabad,19.0,31.8,22.5,60.0,,32.9,55.0,2.2,0.0
Ahmedabad,18.5,32.1,14.2,52.8,,29.4,61.0,11.3,0.0
Ahmedabad,18.5,32.1,14.2,52.8,,29.4,61.0,11.3,0.0
Ahmedabad,18.5,32.1,14.2,52.8,,29.4,61.0,11.3,0.0
Ahmedabad,18.5,32.1,14.2,52.8,,29.4,61.0,11.3,0.0
Ahmedabad,19.0,31.8,22.5,60.0,,32.6,57.0,1.1,0.0
Ahmedabad,19.0,31.8,22.5,60.0,,32.6,57.0,1.1,0.0
Ahmedabad,19.0,31.8,22.5,60.0,,32.6,57.0,1.1,0.0
Ahmedabad,19.0,31.8,22.5,60.0,,32.6,57.0,1.1,0.0
Ahmedabad,19.0,31.8,22.5,60.0,,32.6,57.0,1.1,0.0
Ahmedabad,19.0,31.8,22.5,60.0,,32.6,57.0,1.1,0.0
Ahmedabad,18.5,32.1,14.2,52.8,,29.4,61.0,11.3,0.0
Ahmedabad,19.0,31.8,22.5,60.0,,32.6,57.0,1.1,0.0
Ahmedabad,19.0,31.8,22.5,60.0,,32.6,57.0,1.1,0.0
Ahmedabad,19.0,31.8,22.5,60.0,,32.6,57.0,1.1,0.0
Ahmedabad,19.0,31.8,22.5,60.0,,32.6,57.0,1.1,0.0
Ahmedabad,19.0,31.8,22.5,60.0,,32.6,57.0,1.1,0.0
Ahmedabad,19.0,31.8,22.5,60.0,,32.6,57.0,1.1,0.0
Ahmedabad,19.0,31.8,22.5,60.0,,32.6,57.0,1.1,0.0
Ahmedabad,19.0,31.8,22.5,60.0,,32.6,57.0,1.1,0.0
Ahmedabad,19.0,31.8,22.5,60.0,,32.6,57.0,1.1,0.0
Ahmedabad,19.0,31.8,22.5,60.0,,32.6,57.0,1.1,0.0
Ahmedabad,19.0,31.8,22.5,60.0,,32.6,57.0,1.1,0.0
Ahmedabad,19.0,31.8,22.5,60.0,,32.6,57.0,1.1,0.0
Ahmedabad,19.0,31.8,22.5,60.0,,32.6,57.0,1.1,0.0
Ahmedabad,19.0,31.8,22.5,60.0,,32.6,57.0,1.1,0.0
Ahmedabad,19.0,31.8,22.5,60.0,,32.1,59.0,2.6,0.0
Ahmedabad,19.0,31.8,22.5,60.0,,32.1,59.0,2.6,0.0
Ahmedabad,19.0,31.8,22.5,60.0,,32.1,59.0,2.6,0.0
Ahmedabad,19.0,31.8,22.5,60.0,,32.1,59.0,2.6,0.0
Ahmedabad,19.0,31.8,22.5,60.0,,32.1,59.0,2.6,0.0
Ahmedabad,19.0,31.8,22.5,60.0,,32.1,59.0,2.6,0.0
Ahmedabad,19.0,31.8,22.5,60.0,,32.1,59.0,2.6,0.0
Ahmedabad,19.0,31.8,22.5,60.0,,32.1,59.0,2.6,0.0
Ahmedabad,19.0,31.8,22.5,60.0,,32.1,59.0,2.6,0.0
Ahmedabad,19.0,31.8,22.5,60.0,,32.1,59.0,2.6,0.0
Ahmedabad,19.0,31.8,22.5,60.0,,32.1,59.0,2.6,0.0
Ahmedabad,19.0,31.8,22.5,60.0,,32.1,59.0,2.6,0.0
Ahmedabad,19.0,31.8,22.5,60.0,,32.1,59.0,2.6,0.0
Ahmedabad,19.0,31.8,22.5,60.0,,31.5,62.0,4.6,0.0
Ahmedabad,19.0,31.8,22.5,60.0,,31.5,62.0,4.6,0.0
Ahmedabad,19.0,31.8,22.5,60.0,,31.5,62.0,4.6,0.0
Ahmedabad,19.0,31.8,22.5,60.0,,31.5,62.0,4.6,0.0
Ahmedabad,18.5,32.1,14.2,52.8,,29.4,61.0,11.3,0.0
Ahmedabad,19.0,31.8,22.5,60.0,,31.5,62.0,4.6,0.0
Ahmedabad,24.9,37.1,37.2,39.0,,31.0,65.0,6.0,0.0
Ahmedabad,24.9,37.1,37.2,39.0,,31.0,65.0,6.0,0.0
Ahmedabad,24.9,37.1,37.2,39.0,,31.0,65.0,6.0,0.0
Ahmedabad,24.9,37.1,37.2,39.0,,31.0,65.0,6.0,0.0
Ahmedabad,24.9,37.1,37.2,39.0,,31.0,65.0,6.0,0.0
Ahmedabad,24.9,37.1,37.2,39.0,,31.0,65.0,6.0,0.0
Ahmedabad,24.9,37.1,37.2,39.0,,31.0,65.0,6.0,0.0
GANDHINAGAR,21.5,34.3,16.7,70.0,,29.9,75.0,9.2,0.0
GANDHINAGAR,18.5,32.1,14.2,52.8,,29.4,61.0,11.3,0.0
GANDHINAGAR,21.5,34.3,16.7,70.0,,29.9,75.0,9.2,0.0
GANDHINAGAR,21.5,34.3,16.7,70.0,,29.9,75.0,9.2,0.0
GANDHINAGAR,21.5,34.3,16.7,70.0,,29.9,75.0,9.2,0.0
GANDHINAGAR,21.5,34.3,16.7,70.0,,29.9,75.0,9.2,0.0
GANDHINAGAR,18.5,32.1,14.2,52.8,,29.4,61.0,11.3,0.0
GANDHINAGAR,21.5,34.3,16.7,70.0,,29.9,75.0,9.2,0.0
Ahmedabad,11.1,11.3,2.7,132.0,,31.4,70.0,4.8,0.1
Ahmedabad,11.1,11.3,2.7,132.0,,31.4,70.0,4.8,0.1
Ahmedabad,11.1,11.3,2.7,132.0,,31.4,70.0,4.8,0.1
Ahmedabad,11.1,11.3,2.7,132.0,,31.4,70.0,4.8,0.1
Ahmedabad,11.1,11.3,2.7,132.0,,31.4,70.0,4.8,0.1
Ahmedabad,11.1,11.3,2.7,132.0,,31.4,70.0,4.8,0.1
Ahmedabad,11.1,11.3,2.7,132.0,,31.4,70.0,4.8,0.1
Ahmedabad,11.1,11.3,2.7,132.0,,31.4,70.0,4.8,0.1
Ahmedabad,18.5,32.1,14.2,52.8,,29.4,61.0,11.3,0.0
Ahmedabad,18.5,32.1,14.2,52.8,,29.4,61.0,11.3,0.0
Ahmedabad,11.1,11.3,2.7,132.0,,31.4,70.0,4.8,0.1
Ahmedabad,11.1,11.3,2.7,132.0,,31.4,70.0,4.8,0.1
Ahmedabad,11.1,11.3,2.7,132.0,,31.4,70.0,4.8,0.1
Ahmedabad,11.1,11.3,2.7,132.0,,31.4,70.0,4.8,0.1
Ahmedabad,18.5,32.1,14.2,52.8,,29.4,61.0,11.3,0.0
Ahmedabad,18.5,32.1,14.2,52.8,,29.4,61.0,11.3,0.0
RAJKOT,19.9,44.8,1.1,106.0,,31.2,55.0,15.3,0.0
RAJKOT,18.5,32.1,14.2,52.8,,29.4,61.0,11.3,0.0
RAJKOT,19.9,44.8,1.1,106.0,,31.2,55.0,15.3,0.0
RAJKOT,19.9,44.8,1.1,106.0,,31.2,55.0,15.3,0.0
RAJKOT,19.9,44.8,1.1,106.0,,31.2,55.0,15.3,0.0
RAJKOT,19.9,44.8,1.1,106.0,,31.2,55.0,15.3,0.0
RAJKOT,19.9,44.8,1.1,106.0,,31.2,55.0,15.3,0.0
RAJKOT,19.9,44.8,1.1,106.0,,31.2,55.0,15.3,0.0
RAJKOT,18.5,32.1,14.2,52.8,,29.4,61.0,11.3,0.0
RAJKOT,18.5,32.1,14.2,52.8,,29.4,61.0,11.3,0.0
RAJKOT,18.5,32.1,14.2,52.8,,29.4,61.0,11.3,0.0
RAJKOT,18.5,32.1,14.2,52.8,,29.4,61.0,11.3,0.0
Ahmedabad,13.1,13.4,2.8,133.0,,31.4,69.0,5.1,0.1
Ahmedabad,13.1,13.4,2.8,133.0,,31.4,69.0,5.1,0.1
Ahmedabad,13.1,13.4,2.8,133.0,,31.4,69.0,5.1,0.1
Ahmedabad,13.1,13.4,2.8,133.0,,31.4,69.0,5.1,0.1
Ahmedabad,13.1,13.4,2.8,133.0,,31.4,69.0,5.1,0.1
Ahmedabad,13.1,13.4,2.8,133.0,,31.4,69.0,5.1,0.1
Ahmedabad,13.1,13.4,2.8,133.0,,31.4,69.0,5.1,0.1
Ahmedabad,13.1,13.4,2.8,133.0,,31.4,69.0,5.1,0.1
Ahmedabad,13.1,13.4,2.8,133.0,,31.4,69.0,5.1,0.1
Ahmedabad,13.1,13.4,2.8,133.0,,31.4,69.0,5.1,0.1
Ahmedabad,13.1,13.4,2.8,133.0,,31.5,69.0,5.3,0.1
Ahmedabad,13.1,13.4,2.8,133.0,,31.5,69.0,5.3,0.1
